Workbook

Sheet 复盘仪表盘
A1: 每日A股复盘仪表盘
A3: 今日市场结论：填写市场强弱、资金方向、明日仓位。
A5: 最新日期 | B5: =IFERROR(MAX('每日复盘'!A3:A202),"") | D5: 日期 | E5: 成交额 | F5: 涨停 | G5: 跌停 | H5: 最强方向 | I5: 市场状态 | J5: 仓位
A6: 市场状态 | B6: =IFERROR(LOOKUP(2,1/('每日复盘'!A3:A202<>""),'每日复盘'!H3:H202),"")
A7: 成交额(亿元) | B7: =IFERROR(LOOKUP(2,1/('每日复盘'!A3:A202<>""),'每日复盘'!E3:E202),"")
A8: 情绪评分 | B8: =IFERROR(LOOKUP(2,1/('每日复盘'!A3:A202<>""),'每日复盘'!L3:L202),"")
A9: 建议仓位 | B9: =IFERROR(LOOKUP(2,1/('每日复盘'!A3:A202<>""),'每日复盘'!M3:M202),"")
A12: 明日交易计划
A13: 重点方向1 | C13: 观察股 | E13: 触发条件 | G13: 失效条件 | I13: 计划仓位
A14: 重点方向2 | C14: 观察股 | E14: 触发条件 | G14: 失效条件 | I14: 计划仓位
A15: 重点方向3 | C15: 观察股 | E15: 触发条件 | G15: 失效条件 | I15: 计划仓位
A16: 风险提醒
A17: 盘前确认 | C17: 指数/量能/高位股反馈/消息面/外围市场

Sheet 每日复盘
A1: 每日复盘记录
A2: 日期 | B2: 上证% | C2: 深成% | D2: 创业板% | E2: 两市成交额(亿元) | F2: 较昨日增减(亿元) | G2: 上涨家数 | H2: 市场状态 | I2: 涨停数 | J2: 跌停数 | K2: 北向/替代资金(亿元) | L2: 情绪评分(1-10) | M2: 建议仓位 | N2: 最强方向 | O2: 资金流入方向 | P2: 资金流出方向 | Q2: 一句话复盘
A3: 2026-06-16 | B3: -0.0011 | C3: 0.0093 | D3: 0.0172 | E3: 30646.96 | H3: 震荡偏强 | I3: 100 | J3: 0 | K3: 0 | L3: 6.5 | M3: 3-5成 | N3: 专精特新、铜连接/高速连接、PCB | Q3: 市场震荡偏强，指数分化但创业板较强，两市成交额约30646.96亿元，个股宽度使用排行样本估算，强势样本中涨停/20cm个股活跃。当前强势方向：专精特新。
A4: 2026-06-17 | B4: 0.004 | C4: 0.0131 | D4: 0.0156 | E4: 30917.64 | H4: 震荡偏强 | I4: 92 | J4: 0 | K4: 0 | L4: 6.5 | M4: 3-5成 | N4: 新材料/化工、医药/消费、PCB | Q4: 市场震荡偏强，指数分化但创业板较强，两市成交额约30917.64亿元，个股宽度使用排行样本估算，强势样本中涨停/20cm个股活跃。当前强势方向：新材料/化工。
A5: 2026-06-18 | B5: -0.0043 | C5: 0.0094 | D5: 0.0205 | E5: 33101.07 | H5: 震荡偏强 | I5: 96 | J5: 0 | K5: 0 | L5: 6.5 | M5: 3-5成 | N5: 新材料/化工、半导体设备/先进封装、其他涨停 | Q5: 市场震荡偏强，指数分化但创业板较强，两市成交额约33101.07亿元，个股宽度使用排行样本估算，强势样本中涨停/20cm个股活跃。当前强势方向：新材料/化工。
A6: 2026-06-19 | B6: -0.0043 | C6: 0.0094 | D6: 0.0205 | E6: 33101.07 | H6: 震荡偏强 | I6: 96 | J6: 0 | K6: 0 | L6: 6.5 | M6: 3-5成 | N6: 新材料/化工、半导体设备/先进封装、其他涨停 | Q6: 市场震荡偏强，指数分化但创业板较强，两市成交额约33101.07亿元，个股宽度使用排行样本估算，强势样本中涨停/20cm个股活跃。当前强势方向：新材料/化工。
A7: 2026-06-22 | B7: 0.0178 | C7: 0.0213 | D7: 0.0252 | E7: 37371.99 | H7: 震荡偏强 | I7: 140 | J7: 0 | K7: 0 | L7: 6.5 | M7: 3-5成 | N7: PCB、其他涨停 | Q7: 市场震荡偏强，指数分化但创业板较强，两市成交额约37371.99亿元，个股宽度使用排行样本估算，强势样本中涨停/20cm个股活跃。当前强势方向：PCB。
A8: 2026-06-23 | B8: -0.0137 | C8: -0.0317 | D8: -0.0384 | E8: 34407.64 | H8: 震荡偏弱 | I8: 99 | J8: 0 | K8: 0 | L8: 5 | M8: 1-2成 | N8: 其他涨停 | Q8: 市场震荡偏弱，指数分化但创业板较强，两市成交额约34407.64亿元，个股宽度使用排行样本估算，强势样本中涨停/20cm个股活跃。当前强势方向：其他涨停。
A9: 2026-06-24 | B9: 0.0011 | C9: 0.0124 | D9: 0.0141 | E9: 32843.28 | H9: 震荡偏强 | I9: 101 | J9: 0 | K9: 0 | L9: 6.5 | M9: 3-5成 | N9: 新材料/化工、复合材料、PCB | Q9: 市场震荡偏强，指数分化但创业板较强，两市成交额约32843.28亿元，个股宽度使用排行样本估算，强势样本中涨停/20cm个股活跃。当前强势方向：新材料/化工。
A10: 2026-06-25 | B10: 0.0023 | C10: 0.0182 | D10: 0.0284 | E10: 35942.88 | H10: 震荡偏强 | I10: 91 | J10: 0 | K10: 0 | L10: 6.5 | M10: 3-5成 | N10: 新材料/化工、PCB、复合材料 | Q10: 市场震荡偏强，指数分化但创业板较强，两市成交额约35942.88亿元，个股宽度使用排行样本估算，强势样本中涨停/20cm个股活跃。当前强势方向：新材料/化工。
A11: 2026-06-26 | B11: -0.0226 | C11: -0.0344 | D11: -0.0407 | E11: 35524.1 | H11: 震荡偏弱 | I11: 63 | J11: 0 | K11: 0 | L11: 5 | M11: 1-2成 | N11: 面板/显示、其他涨停 | Q11: 市场震荡偏弱，指数分化但创业板较强，两市成交额约35524.1亿元，个股宽度使用排行样本估算，强势样本中涨停/20cm个股活跃。当前强势方向：面板/显示。
A12: 2026-06-29 | B12: 0.0116 | C12: 0.0019 | D12: 0.0054 | E12: 35177.54 | H12: 震荡偏强 | I12: 113 | J12: 0 | K12: 0 | L12: 6.5 | M12: 3-5成 | N12: 其他涨停 | Q12: 市场震荡偏强，指数分化但创业板较强，两市成交额约35177.54亿元，个股宽度使用排行样本估算，强势样本中涨停/20cm个股活跃。当前强势方向：其他涨停。
A13: 2026-06-30 | B13: 0.005 | C13: 0.0248 | D13: 0.0299 | E13: 32737.58 | H13: 震荡偏强 | I13: 144 | J13: 0 | K13: 0 | L13: 6.5 | M13: 3-5成 | N13: 面板/显示、其他涨停 | Q13: 市场震荡偏强，指数分化但创业板较强，两市成交额约32737.58亿元，个股宽度使用排行样本估算，强势样本中涨停/20cm个股活跃。当前强势方向：面板/显示。
A14: 2026-07-01 | B14: 0.0044 | C14: -0.0053 | D14: -0.0189 | E14: 36600.04 | H14: 震荡偏弱 | I14: 155 | J14: 0 | K14: 0 | L14: 5 | M14: 1-2成 | N14: 其他涨停 | Q14: 市场震荡偏弱，指数分化但创业板较强，两市成交额约36600.04亿元，个股宽度使用排行样本估算，强势样本中涨停/20cm个股活跃。当前强势方向：其他涨停。
... A91: 2026-10-21 | B91: -0.006 | C91: -0.0082 | D91: -0.0162 | E91: 14293.48 | H91: 震荡偏弱 | I91: 51 | J91: 0 | K91: 0 | L91: 5 | M91: 1-2成 | N91: 其他涨停 | Q91: 市场震荡偏弱，指数分化但创业板较强，两市成交额约14293.48亿元，个股宽度使用排行样本估算，强势样本中涨停/20cm个股活跃。当前强势方向：其他涨停。

Sheet 板块热点
A1: 板块热点与资金跟踪
A2: 日期 | B2: 板块/概念 | C2: 类型 | D2: 板块涨幅% | E2: 资金净流入(亿元) | F2: 涨停数 | G2: 核心龙头 | H2: 梯队/扩散 | I2: 催化逻辑 | J2: 持续性(1-5) | K2: 强度评分 | L2: 明日策略 | M2: 观察条件 | N2: 风险点 | O2: 备注
K3: =IF(B3="","",J3*2+MIN(F3,5)+IF(C3="主线",3,IF(C3="轮动",1,0)))
K4: =IF(B4="","",J4*2+MIN(F4,5)+IF(C4="主线",3,IF(C4="轮动",1,0)))
K5: =IF(B5="","",J5*2+MIN(F5,5)+IF(C5="主线",3,IF(C5="轮动",1,0)))
K6: =IF(B6="","",J6*2+MIN(F6,5)+IF(C6="主线",3,IF(C6="轮动",1,0)))
K7: =IF(B7="","",J7*2+MIN(F7,5)+IF(C7="主线",3,IF(C7="轮动",1,0)))
K8: =IF(B8="","",J8*2+MIN(F8,5)+IF(C8="主线",3,IF(C8="轮动",1,0)))
K9: =IF(B9="","",J9*2+MIN(F9,5)+IF(C9="主线",3,IF(C9="轮动",1,0)))
K10: =IF(B10="","",J10*2+MIN(F10,5)+IF(C10="主线",3,IF(C10="轮动",1,0)))
K11: =IF(B11="","",J11*2+MIN(F11,5)+IF(C11="主线",3,IF(C11="轮动",1,0)))
K12: =IF(B12="","",J12*2+MIN(F12,5)+IF(C12="主线",3,IF(C12="轮动",1,0)))
K13: =IF(B13="","",J13*2+MIN(F13,5)+IF(C13="主线",3,IF(C13="轮动",1,0)))
K14: =IF(B14="","",J14*2+MIN(F14,5)+IF(C14="主线",3,IF(C14="轮动",1,0)))
... K152: =IF(B152="","",J152*2+MIN(F152,5)+IF(C152="主线",3,IF(C152="轮动",1,0)))

Sheet 核心个股
A1: 核心个股观察池
A2: 日期 | B2: 代码 | C2: 名称 | D2: 所属板块 | E2: 角色 | F2: 收盘表现 | G2: 量能 | H2: 位置 | I2: 换手率% | J2: 是否涨停 | K2: 买入触发 | L2: 失效条件 | M2: 预期空间 | N2: 跟踪结论 | O2: 次日动作 | P2: 备注

Sheet 持仓计划
A1: 持仓与交易计划
A2: 日期 | B2: 代码 | C2: 名称 | D2: 方向 | E2: 仓位% | F2: 成本价 | G2: 现价 | H2: 浮盈亏% | I2: 止损价 | J2: 止盈/目标价 | K2: 买入理由 | L2: 今日处理 | M2: 明日计划 | N2: 是否执行 | O2: 复盘评分(1-5) | P2: 备注
H3: =IF(OR(F3="",G3=""),"",G3/F3-1)
H4: =IF(OR(F4="",G4=""),"",G4/F4-1)
H5: =IF(OR(F5="",G5=""),"",G5/F5-1)
H6: =IF(OR(F6="",G6=""),"",G6/F6-1)
H7: =IF(OR(F7="",G7=""),"",G7/F7-1)
H8: =IF(OR(F8="",G8=""),"",G8/F8-1)
H9: =IF(OR(F9="",G9=""),"",G9/F9-1)
H10: =IF(OR(F10="",G10=""),"",G10/F10-1)
H11: =IF(OR(F11="",G11=""),"",G11/F11-1)
H12: =IF(OR(F12="",G12=""),"",G12/F12-1)
H13: =IF(OR(F13="",G13=""),"",G13/F13-1)
H14: =IF(OR(F14="",G14=""),"",G14/F14-1)
... H102: =IF(OR(F102="",G102=""),"",G102/F102-1)

Sheet 复盘规则
A1: 复盘规则与打分标准
A3: 模块 | B3: 检查项 | C3: 判断标准 | D3: 强信号 | E3: 弱信号 | F3: 行动建议 | G3: 记录位置 | H3: 备注
A4: 市场环境 | B4: 量能 | C4: 成交额较昨日变化 | D4: 放量上涨或缩量止跌 | E4: 缩量上涨或放量下跌 | F4: 决定基础仓位 | G4: 每日复盘 | H4: 先判环境再选股
A5: 赚钱效应 | B5: 涨跌家数/涨跌停 | C5: 上涨家数、涨停数、跌停数 | D5: 涨停扩散且跌停少 | E5: 跌停增加、高位股负反馈 | F5: 控制仓位 | G5: 每日复盘 | H5: 情绪评分1-10
A6: 热点识别 | B6: 板块持续性 | C6: 连续活跃天数与核心股反馈 | D6: 主线延续、有梯队 | E6: 一日游、无核心 | F6: 只做主线或低吸 | G6: 板块热点 | H6: 避免只看涨幅榜
A7: 核心个股 | B7: 角色定位 | C7: 龙头/中军/补涨/套利 | D7: 龙头强，中军稳 | E7: 龙头断板且补涨混乱 | F7: 优先核心，少做杂股 | G7: 核心个股 | H7: 记录失效条件
A8: 交易计划 | B8: 触发条件 | C8: 指数、板块、个股三者共振 | D8: 放量突破/回踩确认 | E8: 冲高无量、跌破关键位 | F8: 计划内交易 | G8: 复盘仪表盘 | H8: 不因盘中情绪改规则
A9: 持仓管理 | B9: 止损止盈 | C9: 价格/逻辑双止损 | D9: 未破位且逻辑延续 | E9: 跌破止损或逻辑证伪 | F9: 执行计划 | G9: 持仓计划 | H9: 复盘是否执行
A12: 每日复盘顺序：1 指数和成交额 2 赚钱效应 3 资金方向 4 热点持续性 5 明日计划 6 次日复盘
